Time,Data
18/04/2011 13:22,925.8406138
18/04/2011 13:52,483.2958918
18/04/2011 14:22,915.7616337
18/04/2011 14:52,609.0434909
18/04/2011 15:22,745.1554345
18/04/2011 15:52,409.8559474
18/04/2011 16:22,434.0840383
18/04/2011 16:52,152.6842992
18/04/2011 17:22,327.5790732
18/04/2011 17:52,156.8269459
18/04/2011 18:22,330.2027645
18/04/2011 18:52,1118.604043
18/04/2011 19:22,243.9722508
18/04/2011 19:52,852.8881585
18/04/2011 20:22,491.859993
18/04/2011 20:52,466.7389836
18/04/2011 21:22,659.6703034
18/04/2011 21:52,576.3048714
18/04/2011 22:22,2497.206206
18/04/2011 22:52,2790.203921
18/04/2011 23:22,1092.209066
18/04/2011 23:52,825.9944174
19/04/2011 00:22,2397.166721
19/04/2011 00:52,1411.666593
19/04/2011 01:22,2379.183911
19/04/2011 01:52,841.2242125
19/04/2011 02:22,471.5203085
19/04/2011 02:52,1189.781225
19/04/2011 03:22,343.7574198
19/04/2011 03:52,336.4868348
19/04/2011 04:22,541.4014342
19/04/2011 04:52,316.1064529
19/04/2011 05:22,502.5022746
19/04/2011 05:52,314.832324
19/04/2011 06:22,359.8836561
19/04/2011 06:52,470.7049821
19/04/2011 07:22,334.0045113
19/04/2011 07:52,471.2262708
19/04/2011 08:22,315.8701164
19/04/2011 08:52,504.5232609
19/04/2011 09:22,315.1831126
19/04/2011 09:52,487.9082494
19/04/2011 10:22,353.1089807
19/04/2011 10:52,1051.422135
19/04/2011 11:22,1325.822876
19/04/2011 11:52,967.5815272
19/04/2011 12:22,619.4938816
19/04/2011 12:52,422.2917728
19/04/2011 13:22,845.3017238
19/04/2011 13:52,422.7262877
19/04/2011 14:22,497.0310754
19/04/2011 14:52,504.1243009
19/04/2011 15:22,298.28238
19/04/2011 15:52,483.3316975
19/04/2011 16:22,297.2165342
19/04/2011 16:52,478.4730822
19/04/2011 17:22,427.7634655
19/04/2011 17:52,532.9254134
19/04/2011 18:22,508.5480458
19/04/2011 18:52,545.2882196
19/04/2011 19:22,491.1666425
19/04/2011 19:52,626.6392749
19/04/2011 20:22,562.7970114
19/04/2011 20:52,471.9524639
19/04/2011 21:22,1037.59578
19/04/2011 21:52,733.3214116
19/04/2011 22:22,927.1597092
19/04/2011 22:52,
19/04/2011 23:22,
19/04/2011 23:52,704.1668894
20/04/2011 00:22,757.4498938
20/04/2011 00:52,901.6885906
20/04/2011 01:22,307.4549099
20/04/2011 01:52,494.7482959
20/04/2011 02:22,307.6521453
20/04/2011 02:52,482.3140751
20/04/2011 03:22,308.2100026
20/04/2011 03:52,488.2218428
20/04/2011 04:22,311.9014649
20/04/2011 04:52,445.3768848
20/04/2011 05:22,349.0302918
20/04/2011 05:52,311.5665639
20/04/2011 06:22,871.8214913
20/04/2011 06:52,553.0272336
20/04/2011 07:22,512.1900919
20/04/2011 07:52,311.0437363
20/04/2011 08:22,466.2028498
20/04/2011 08:52,373.6429689
20/04/2011 09:22,475.7744392
20/04/2011 09:52,670.5544545
20/04/2011 10:22,1110.193359
20/04/2011 10:52,992.8279676
20/04/2011 11:22,726.6253456
20/04/2011 11:52,575.8714981
20/04/2011 12:22,1221.224251
20/04/2011 12:52,470.4417437
20/04/2011 13:22,156.9651549
20/04/2011 13:52,348.2529433
20/04/2011 14:22,157.071111
20/04/2011 14:52,326.1974046
20/04/2011 15:22,156.530109
20/04/2011 15:52,301.1380274
20/04/2011 16:22,188.6727029
20/04/2011 16:52,199.4007056
20/04/2011 17:22,287.0184155
20/04/2011 17:52,156.769185
20/04/2011 18:22,333.0974698
20/04/2011 18:52,156.4737522
20/04/2011 19:22,326.0294897
20/04/2011 19:52,156.5139513
20/04/2011 20:22,190.1061546
20/04/2011 20:52,1117.844817
20/04/2011 21:22,915.5361678
20/04/2011 21:52,708.8408204
20/04/2011 22:22,592.1747219
20/04/2011 22:52,1114.155279
20/04/2011 23:22,580.0907327
20/04/2011 23:52,761.2908304
21/04/2011 00:22,402.275633
21/04/2011 00:52,441.7484526
21/04/2011 01:22,357.0735614
21/04/2011 01:52,322.3103284
21/04/2011 02:22,475.0209231
21/04/2011 02:52,308.2618819
21/04/2011 03:22,495.4787249
21/04/2011 03:52,309.7043811
21/04/2011 04:22,399.7307249
21/04/2011 04:52,408.9103967
21/04/2011 05:22,313.5222553
21/04/2011 05:52,481.0235389
21/04/2011 06:22,310.7870748
21/04/2011 06:52,499.8885758
21/04/2011 07:22,137.6463158
21/04/2011 07:52,182.5284211
21/04/2011 08:22,185.5347368
21/04/2011 08:52,137.4757895
21/04/2011 09:22,224.4252632
21/04/2011 09:52,406.5389857
21/04/2011 10:22,1083.864873
21/04/2011 10:52,577.1083003
21/04/2011 11:22,1489.422475
21/04/2011 11:52,744.2197146
21/04/2011 12:22,280.8445504
21/04/2011 12:52,236.3607057
21/04/2011 13:22,209.0952667
21/04/2011 13:52,291.2348609
21/04/2011 14:22,158.0615359
21/04/2011 14:52,345.6844695
21/04/2011 15:22,158.1764278
21/04/2011 15:52,312.2052686
21/04/2011 16:22,187.9318817
21/04/2011 16:52,208.2412458
21/04/2011 17:22,375.4426894
21/04/2011 17:52,194.1811243
21/04/2011 18:22,376.0317998
21/04/2011 18:52,199.4291925
21/04/2011 19:22,585.2881556
21/04/2011 19:52,366.8572278
21/04/2011 20:22,348.5754473
21/04/2011 20:52,271.4210111
21/04/2011 21:22,272.4101905
21/04/2011 21:52,
21/04/2011 22:22,
21/04/2011 22:52,
21/04/2011 23:22,429.8320553
21/04/2011 23:52,973.9193115
22/04/2011 00:22,549.2292205
22/04/2011 00:52,447.3962959
22/04/2011 01:22,503.0630547
22/04/2011 01:52,301.7538731
22/04/2011 02:22,693.6271577
22/04/2011 02:52,558.27625
22/04/2011 03:22,513.1814482
22/04/2011 03:52,305.225039
22/04/2011 04:22,508.9953082
22/04/2011 04:52,305.715768
22/04/2011 05:22,466.8984635
22/04/2011 05:52,305.7596892
22/04/2011 06:22,472.2304544
22/04/2011 06:52,306.4868731
22/04/2011 07:22,472.1795798
22/04/2011 07:52,309.4862789
22/04/2011 08:22,434.6111822
22/04/2011 08:52,330.4122298
22/04/2011 09:22,305.7211738
22/04/2011 09:52,474.762302
22/04/2011 10:22,279.5497041
22/04/2011 10:52,727.1012239
22/04/2011 11:22,468.4785533
22/04/2011 11:52,743.6916068
22/04/2011 12:22,587.8368442
22/04/2011 12:52,754.2126415
22/04/2011 13:22,479.7812137
22/04/2011 13:52,823.964831
22/04/2011 14:22,262.9323352
22/04/2011 14:52,152.6289923
22/04/2011 15:22,339.1553937
22/04/2011 15:52,154.1142996
22/04/2011 16:22,321.0100396
22/04/2011 16:52,154.4382082
22/04/2011 17:22,155.1103453
22/04/2011 17:52,342.5173063
22/04/2011 18:22,155.2415427
22/04/2011 18:52,351.1967384
22/04/2011 19:22,547.4411976
22/04/2011 19:52,308.6382556
22/04/2011 20:22,332.5333173
22/04/2011 20:52,193.1472735
22/04/2011 21:22,357.0529766
22/04/2011 21:52,179.9399003
22/04/2011 22:22,355.6777997
22/04/2011 22:52,159.7373623
22/04/2011 23:22,168.6163038
22/04/2011 23:52,355.5202547
23/04/2011 00:22,467.7176571
23/04/2011 00:52,647.2651308
23/04/2011 01:22,423.7906025
23/04/2011 01:52,490.1510774
23/04/2011 02:22,307.785705
23/04/2011 02:52,307.5099678
23/04/2011 03:22,510.4168553
23/04/2011 03:52,309.0536643
23/04/2011 04:22,481.7289319
23/04/2011 04:52,310.0296895
23/04/2011 05:22,351.2280126
23/04/2011 05:52,460.6741558
23/04/2011 06:22,311.7037038
23/04/2011 06:52,483.9703459
23/04/2011 07:22,311.8949734
23/04/2011 07:52,432.3243702
23/04/2011 08:22,373.9748292
23/04/2011 08:52,351.2020962
23/04/2011 09:22,439.1886822
23/04/2011 09:52,308.0805491
23/04/2011 10:22,354.3205296
23/04/2011 10:52,167.0115783
23/04/2011 11:22,283.9934854
23/04/2011 11:52,187.0432056
23/04/2011 12:22,1472.381757
23/04/2011 12:52,835.2925053
23/04/2011 13:22,424.4197319
23/04/2011 13:52,604.5008603
23/04/2011 14:22,422.5695583
23/04/2011 14:52,1187.317096
23/04/2011 15:22,517.4037729
23/04/2011 15:52,803.627445
23/04/2011 16:22,2987.108923
23/04/2011 16:52,1623.915835
23/04/2011 17:22,2171.646679
23/04/2011 17:52,918.3699792
23/04/2011 18:22,1089.205559
23/04/2011 18:52,1098.1647
23/04/2011 19:22,460.5240185
23/04/2011 19:52,157.8881191
23/04/2011 20:22,2007.186552
23/04/2011 20:52,9107.92262
23/04/2011 21:22,3135.643642
23/04/2011 21:52,504.4049086
23/04/2011 22:22,156.8515613
23/04/2011 22:52,158.3858588
23/04/2011 23:22,285.1881607
23/04/2011 23:52,349.5503928
24/04/2011 00:22,157.1239695
24/04/2011 00:52,158.3673161
24/04/2011 01:22,452.3283891
24/04/2011 01:52,158.2458192
24/04/2011 02:22,157.7022401
24/04/2011 02:52,746.0276173
24/04/2011 03:22,4868.627744
24/04/2011 03:52,704.4827921
24/04/2011 04:22,338.5038711
24/04/2011 04:52,577.5214079
24/04/2011 05:22,322.5094637
24/04/2011 05:52,314.0848424
24/04/2011 06:22,543.5677854
24/04/2011 06:52,363.4453348
24/04/2011 07:22,315.7143411
24/04/2011 07:52,372.2046175
24/04/2011 08:22,533.6870471
24/04/2011 08:52,314.9029906
24/04/2011 09:22,313.6156401
24/04/2011 09:52,551.4192822
24/04/2011 10:22,344.0998588
24/04/2011 10:52,312.0926904
24/04/2011 11:22,358.1127743
24/04/2011 11:52,1060.592124
24/04/2011 12:22,1029.671566
24/04/2011 12:52,8208.529689
24/04/2011 13:22,5690.402362
24/04/2011 13:52,505.4720269
24/04/2011 14:22,242.2432047
24/04/2011 14:52,399.7241469
24/04/2011 15:22,704.9333509
24/04/2011 15:52,584.8108608
24/04/2011 16:22,3074.301222
24/04/2011 16:52,3756.009191
24/04/2011 17:22,2462.919692
24/04/2011 17:52,4624.999542
24/04/2011 18:22,2789.499349
24/04/2011 18:52,400.5306819
24/04/2011 19:22,472.6128005
24/04/2011 19:52,865.9259906
24/04/2011 20:22,2378.342681
24/04/2011 20:52,1418.521322
24/04/2011 21:22,1387.592691
24/04/2011 21:52,621.9932519
24/04/2011 22:22,826.0919178
24/04/2011 22:52,548.4701506
24/04/2011 23:22,622.5443796
24/04/2011 23:52,692.4481409
25/04/2011 00:22,1337.494243
25/04/2011 00:52,454.7916129
25/04/2011 01:22,305.2491854
25/04/2011 01:52,482.4022342
25/04/2011 02:22,473.9836602
25/04/2011 02:52,309.3860433
25/04/2011 03:22,347.9697769
25/04/2011 03:52,573.8788757
25/04/2011 04:22,311.7077421
25/04/2011 04:52,312.1452766
25/04/2011 05:22,604.9119886
25/04/2011 05:52,310.4144567
25/04/2011 06:22,311.4073675
25/04/2011 06:52,550.7403099
25/04/2011 07:22,352.082374
25/04/2011 07:52,311.3700053
25/04/2011 08:22,557.7930563
25/04/2011 08:52,689.4987602
25/04/2011 09:22,696.3372249
25/04/2011 09:52,534.0763649
25/04/2011 10:22,994.618585
25/04/2011 10:52,1196.571877
25/04/2011 11:22,1456.589309
25/04/2011 11:52,1318.660236
25/04/2011 12:22,352.0046123
25/04/2011 12:52,155.8829677
25/04/2011 13:22,156.4352544
25/04/2011 13:52,385.8501699
25/04/2011 14:22,216.7828333
25/04/2011 14:52,233.7631007
25/04/2011 15:22,409.0428713
25/04/2011 15:52,373.4238067
25/04/2011 16:22,214.2285254
25/04/2011 16:52,276.8915997
25/04/2011 17:22,304.6464712
25/04/2011 17:52,152.674171
25/04/2011 18:22,369.9314126
25/04/2011 18:52,152.4792904
25/04/2011 19:22,425.9798005
25/04/2011 19:52,259.8146333
25/04/2011 20:22,162.4263217
25/04/2011 20:52,821.7344693
25/04/2011 21:22,562.9726723
25/04/2011 21:52,538.5512956
25/04/2011 22:22,646.2978734
25/04/2011 22:52,1328.144593
25/04/2011 23:22,524.6255642
25/04/2011 23:52,800.0251096
26/04/2011 00:22,1242.220171
26/04/2011 00:52,2671.463751
26/04/2011 01:22,1147.523292
26/04/2011 01:52,1581.411799
26/04/2011 02:22,719.8307576
26/04/2011 02:52,481.9012939
26/04/2011 03:22,456.2549997
26/04/2011 03:52,309.9421289
26/04/2011 04:22,319.1993737
26/04/2011 04:52,554.3865947
26/04/2011 05:22,309.1747662
26/04/2011 05:52,308.9136137
26/04/2011 06:22,547.943376
26/04/2011 06:52,310.0680488
26/04/2011 07:22,310.2674246
26/04/2011 07:52,548.7329173
26/04/2011 08:22,311.2285105
26/04/2011 08:52,310.7976342
26/04/2011 09:22,538.2161316
26/04/2011 09:52,308.9415788
26/04/2011 10:22,455.1100222
26/04/2011 10:52,947.9461454
26/04/2011 11:22,2164.811846
26/04/2011 11:52,1335.051352
26/04/2011 12:22,966.7767994
26/04/2011 12:52,152.9472368
26/04/2011 13:22,330.314586
26/04/2011 13:52,523.5038824
26/04/2011 14:22,1612.88754
26/04/2011 14:52,1421.990902
26/04/2011 15:22,908.5255006
26/04/2011 15:52,395.3252588
26/04/2011 16:22,152.5031895
26/04/2011 16:52,153.0587653
26/04/2011 17:22,449.7454376
26/04/2011 17:52,191.2498214
26/04/2011 18:22,334.6307118
26/04/2011 18:52,215.8916044
26/04/2011 19:22,154.7889776
26/04/2011 19:52,155.1265777
26/04/2011 20:22,392.3754285
26/04/2011 20:52,236.1273615
26/04/2011 21:22,178.8420817
26/04/2011 21:52,626.5168246
26/04/2011 22:22,471.4680599
26/04/2011 22:52,660.5590646
26/04/2011 23:22,792.7010497
26/04/2011 23:52,531.0246178
27/04/2011 00:22,662.4662412
27/04/2011 00:52,449.1307225
27/04/2011 01:22,448.1027937
27/04/2011 01:52,858.9108347
27/04/2011 02:22,361.8385418
27/04/2011 02:52,305.4469287
27/04/2011 03:22,338.4054196
27/04/2011 03:52,559.221342
27/04/2011 04:22,308.0122629
27/04/2011 04:52,307.9851079
27/04/2011 05:22,523.5031681
27/04/2011 05:52,376.4237623
27/04/2011 06:22,313.4909329
27/04/2011 06:52,324.7269966
27/04/2011 07:22,541.3739566
27/04/2011 07:52,308.6636684
27/04/2011 08:22,307.5896942
27/04/2011 08:52,534.4460111
27/04/2011 09:22,350.1735355
27/04/2011 09:52,306.10035
27/04/2011 10:22,1047.9116
27/04/2011 10:52,761.9613488
27/04/2011 11:22,1401.170066
27/04/2011 11:52,679.0845356
27/04/2011 12:22,943.1010547
27/04/2011 12:52,153.5881321
27/04/2011 13:22,153.9002548
27/04/2011 13:52,374.0213169
27/04/2011 14:22,226.3412977
27/04/2011 14:52,153.0695008
27/04/2011 15:22,227.7884816
27/04/2011 15:52,363.0608487
27/04/2011 16:22,153.3530786
27/04/2011 16:52,152.7722686
27/04/2011 17:22,422.2692122
27/04/2011 17:52,174.9069187
27/04/2011 18:22,153.7795478
27/04/2011 18:52,290.5030602
27/04/2011 19:22,318.0087256
27/04/2011 19:52,153.8764675
27/04/2011 20:22,154.2164105
27/04/2011 20:52,456.6647511
27/04/2011 21:22,154.1075361
27/04/2011 21:52,388.0175483
27/04/2011 22:22,680.7999599
27/04/2011 22:52,411.5678477
27/04/2011 23:22,356.007105
27/04/2011 23:52,486.8803915
28/04/2011 00:22,464.0544895
28/04/2011 00:52,349.2808935
28/04/2011 01:22,833.2742132
28/04/2011 01:52,580.1792816
28/04/2011 02:22,307.9001161
28/04/2011 02:52,309.1496085
28/04/2011 03:22,602.7457304
28/04/2011 03:52,310.362707
28/04/2011 04:22,310.5417722
28/04/2011 04:52,512.9932982
28/04/2011 05:22,399.4292415
28/04/2011 05:52,312.4025132
28/04/2011 06:22,439.3970057
28/04/2011 06:52,476.5391914
28/04/2011 07:22,311.8142041
28/04/2011 07:52,352.378938
28/04/2011 08:22,555.5986053
28/04/2011 08:52,310.0456982
28/04/2011 09:22,309.9683772
28/04/2011 09:52,481.8251528
28/04/2011 10:22,453.4097665
28/04/2011 10:52,428.1827731
28/04/2011 11:22,508.7744681
28/04/2011 11:52,220.7763158
28/04/2011 12:22,126.002193
28/04/2011 12:52,329.1340426
28/04/2011 13:22,185.0344828
28/04/2011 13:52,199.217484
28/04/2011 14:22,58.35874439
28/04/2011 14:52,58.48878924
28/04/2011 15:22,209.7553191
28/04/2011 15:52,58.34977578
28/04/2011 16:22,58.11995516
28/04/2011 16:52,203.3710021
28/04/2011 17:22,58.00896861
28/04/2011 17:52,58.42600897
28/04/2011 18:22,203.909188
28/04/2011 18:52,58.70945946
28/04/2011 19:22,58.35313901
28/04/2011 19:52,197.9164882
28/04/2011 20:22,58.25279642
28/04/2011 20:52,58.81165919
28/04/2011 21:22,200.2965739
28/04/2011 21:52,58.75336323
28/04/2011 22:22,115.4701987
28/04/2011 22:52,464.3426724
28/04/2011 23:22,281.6892178
28/04/2011 23:52,510.4564756
29/04/2011 00:22,489.8942918
29/04/2011 00:52,286.0242105
29/04/2011 01:22,384.1052632
29/04/2011 01:52,288.3915789
29/04/2011 02:22,317.6189474
29/04/2011 02:52,642.2451193
29/04/2011 03:22,315.4089936
29/04/2011 03:52,171.8631579
29/04/2011 04:22,305.9452632
29/04/2011 04:52,166.04
29/04/2011 05:22,160.6168421
29/04/2011 05:52,297.7389474
29/04/2011 06:22,158.7974684
29/04/2011 06:52,165.2531513
29/04/2011 07:22,287.3115789
29/04/2011 07:52,160.1347368
29/04/2011 08:22,173.7679325
29/04/2011 08:52,283.7684211
29/04/2011 09:22,159.6102941
29/04/2011 09:52,241.7705263
29/04/2011 10:22,852.2774194
29/04/2011 10:52,287.4726316
29/04/2011 11:22,277.3063158
29/04/2011 11:52,544.8126316
29/04/2011 12:22,467.7875264
29/04/2011 12:52,206.3852632
29/04/2011 13:22,94.60934183
29/04/2011 13:52,115.5289532
29/04/2011 14:22,170.4307359
29/04/2011 14:52,58.93033708
29/04/2011 15:22,162.4229935
29/04/2011 15:52,75.39198218
29/04/2011 16:22,59.02242152
29/04/2011 16:52,177.612069
29/04/2011 17:22,59.36098655
29/04/2011 17:52,156.6695652
29/04/2011 18:22,81.33184855
29/04/2011 18:52,64.03811659
29/04/2011 19:22,172.9094828
29/04/2011 19:52,59.40134529
29/04/2011 20:22,147.4978166
29/04/2011 20:52,94.76496674
29/04/2011 21:22,58.91255605
29/04/2011 21:52,251.5031847
29/04/2011 22:22,152.5947368
29/04/2011 22:52,187.2294737
29/04/2011 23:22,362.5894737
29/04/2011 23:52,355.0232558
30/04/2011 00:22,281.8126316
30/04/2011 00:52,523.0347368
30/04/2011 01:22,422.3389474
30/04/2011 01:52,365.2326316
30/04/2011 02:22,270.5810526
30/04/2011 02:52,843.2299803
30/04/2011 03:22,1908.46745
30/04/2011 03:52,1683.896682
30/04/2011 04:22,2054.989244
30/04/2011 04:52,868.3002754
30/04/2011 05:22,314.7162506
30/04/2011 05:52,494.1737854
30/04/2011 06:22,395.5961854
30/04/2011 06:52,315.3686804
30/04/2011 07:22,515.7389045
30/04/2011 07:52,367.3848553
30/04/2011 08:22,314.6650602
30/04/2011 08:52,549.3828707
30/04/2011 09:22,326.0015732
30/04/2011 09:52,315.679752
30/04/2011 10:22,549.8538974
30/04/2011 10:52,328.2368309
30/04/2011 11:22,1297.611213
30/04/2011 11:52,576.6649757
30/04/2011 12:22,946.5719956
30/04/2011 12:52,1022.657657
30/04/2011 13:22,418.1528364
30/04/2011 13:52,841.834036
30/04/2011 14:22,240.6666214
30/04/2011 14:52,762.2597799
30/04/2011 15:22,1216.442852
30/04/2011 15:52,423.9584539
30/04/2011 16:22,7036.273814
30/04/2011 16:52,9030.815078
30/04/2011 17:22,2384.60574
30/04/2011 17:52,8129.230192
30/04/2011 18:22,6517.912707
30/04/2011 18:52,2649.150348
30/04/2011 19:22,3333.482715
30/04/2011 19:52,916.3559066
30/04/2011 20:22,583.8346906
30/04/2011 20:52,978.7786267
30/04/2011 21:22,331.2704594
30/04/2011 21:52,450.8169595
30/04/2011 22:22,254.8800809
30/04/2011 22:52,754.3941811
30/04/2011 23:22,693.5230261
30/04/2011 23:52,611.0084076
01/05/2011 00:22,648.1707503
01/05/2011 00:52,427.7708483
01/05/2011 01:22,428.1692827
01/05/2011 01:52,734.9156345
01/05/2011 02:22,631.3302942
01/05/2011 02:52,2630.900138
01/05/2011 03:22,1399.821662
01/05/2011 03:52,1469.610403
01/05/2011 04:22,884.1076512
01/05/2011 04:52,313.8017664
01/05/2011 05:22,318.5584325
01/05/2011 05:52,527.3103864
01/05/2011 06:22,314.3493351
01/05/2011 06:52,462.5499906
01/05/2011 07:22,381.8148061
01/05/2011 07:52,315.2025246
01/05/2011 08:22,517.2855593
01/05/2011 08:52,315.355686
01/05/2011 09:22,404.7155708
01/05/2011 09:52,394.6082065
01/05/2011 10:22,2260.199603
01/05/2011 10:52,812.758198
01/05/2011 11:22,296.5637385
01/05/2011 11:52,515.7999422
01/05/2011 12:22,332.8767924
01/05/2011 12:52,427.161793
01/05/2011 13:22,502.2899927
01/05/2011 13:52,397.401726
01/05/2011 14:22,324.7966575
01/05/2011 14:52,619.4480735
01/05/2011 15:22,445.7184696
01/05/2011 15:52,504.5528935
01/05/2011 16:22,259.5535064
01/05/2011 16:52,377.9624201
01/05/2011 17:22,681.660418
01/05/2011 17:52,447.2153704
01/05/2011 18:22,218.1275751
01/05/2011 18:52,193.9495532
01/05/2011 19:22,419.8070701
01/05/2011 19:52,221.9908918
01/05/2011 20:22,2261.899068
01/05/2011 20:52,3183.254264
01/05/2011 21:22,1666.905481
01/05/2011 21:52,5643.113152
01/05/2011 22:22,4421.243257
01/05/2011 22:52,466.7412193
01/05/2011 23:22,712.7200741
01/05/2011 23:52,462.8389895
02/05/2011 00:22,462.4857924
02/05/2011 00:52,705.3068536
02/05/2011 01:22,464.8304686
02/05/2011 01:52,467.6602111
02/05/2011 02:22,951.7542924
02/05/2011 02:52,302.3938863
02/05/2011 03:22,302.4557488
02/05/2011 03:52,538.5593792
02/05/2011 04:22,304.7253497
02/05/2011 04:52,304.1292304
02/05/2011 05:22,536.9026602
02/05/2011 05:52,304.238845
02/05/2011 06:22,314.4827711
02/05/2011 06:52,517.3275716
02/05/2011 07:22,304.7492465
02/05/2011 07:52,303.7899401
02/05/2011 08:22,536.0791991
02/05/2011 08:52,302.8026696
02/05/2011 09:22,471.0109596
02/05/2011 09:52,302.3127544
02/05/2011 10:22,302.0307541
02/05/2011 10:52,911.0437243
02/05/2011 11:22,1230.214156
02/05/2011 11:52,326.2529484
02/05/2011 12:22,150.2350032
02/05/2011 12:52,149.5875233
02/05/2011 13:22,285.4407618
02/05/2011 13:52,260.0808871
02/05/2011 14:22,328.319372
02/05/2011 14:52,150.7550577
02/05/2011 15:22,149.9013814
02/05/2011 15:52,201.2231132
02/05/2011 16:22,351.8730574
02/05/2011 16:52,185.1526073
02/05/2011 17:22,306.1149897
02/05/2011 17:52,149.461709
02/05/2011 18:22,150.7643591
02/05/2011 18:52,402.037412
02/05/2011 19:22,150.5682562
02/05/2011 19:52,354.3943516
02/05/2011 20:22,150.1578747
02/05/2011 20:52,152.0350052
02/05/2011 21:22,294.3671666
02/05/2011 21:52,262.7838442
02/05/2011 22:22,149.2607611
02/05/2011 22:52,379.1320887
02/05/2011 23:22,148.5402929
02/05/2011 23:52,243.250968
03/05/2011 00:22,1169.660837
03/05/2011 00:52,748.1090631
03/05/2011 01:22,497.8019157
03/05/2011 01:52,538.1309088
03/05/2011 02:22,365.5004327
03/05/2011 02:52,320.0784821
03/05/2011 03:22,536.3900727
03/05/2011 03:52,328.0955994
03/05/2011 04:22,309.0625798
03/05/2011 04:52,506.443488
03/05/2011 05:22,359.4830375
03/05/2011 05:52,342.2958471
03/05/2011 06:22,491.0223819
03/05/2011 06:52,308.6046802
03/05/2011 07:22,308.4102733
03/05/2011 07:52,761.4544171
03/05/2011 08:22,584.9366251
03/05/2011 08:52,681.1951835
03/05/2011 09:22,1221.084296
03/05/2011 09:52,741.2219834
03/05/2011 10:22,805.6101905
03/05/2011 10:52,461.105996
03/05/2011 11:22,1915.56725
03/05/2011 11:52,1584.892256
03/05/2011 12:22,1255.316621
03/05/2011 12:52,1001.961227
03/05/2011 13:22,636.1191735
03/05/2011 13:52,504.8257946
03/05/2011 14:22,317.3608526
03/05/2011 14:52,317.3574712
03/05/2011 15:22,503.1277953
03/05/2011 15:52,301.8622978
03/05/2011 16:22,450.6511777
03/05/2011 16:52,373.5192476
03/05/2011 17:22,302.0569068
03/05/2011 17:52,521.0769571
03/05/2011 18:22,302.8611319
03/05/2011 18:52,417.0809949
03/05/2011 19:22,412.5930905
03/05/2011 19:52,303.9854694
03/05/2011 20:22,527.1363691
03/05/2011 20:52,306.0604441
03/05/2011 21:22,305.8103263
03/05/2011 21:52,
03/05/2011 22:22,
03/05/2011 22:52,
03/05/2011 23:22,
03/05/2011 23:52,
04/05/2011 00:22,
04/05/2011 00:52,
04/05/2011 01:22,
04/05/2011 01:52,
04/05/2011 02:22,
04/05/2011 02:52,
04/05/2011 03:22,
04/05/2011 03:52,
04/05/2011 04:22,
04/05/2011 04:52,
04/05/2011 05:22,
04/05/2011 05:52,
04/05/2011 06:22,
04/05/2011 06:52,
04/05/2011 07:22,
04/05/2011 07:52,
04/05/2011 08:22,
04/05/2011 08:52,
04/05/2011 09:22,
04/05/2011 09:52,
04/05/2011 10:22,
04/05/2011 10:52,
04/05/2011 11:22,
04/05/2011 11:52,
04/05/2011 12:22,
04/05/2011 12:52,
04/05/2011 13:22,
04/05/2011 13:52,
04/05/2011 14:22,
04/05/2011 14:52,
04/05/2011 15:22,
04/05/2011 15:52,
04/05/2011 16:22,
04/05/2011 16:52,
04/05/2011 17:22,
04/05/2011 17:52,
04/05/2011 18:22,
04/05/2011 18:52,
04/05/2011 19:22,
04/05/2011 19:52,
04/05/2011 20:22,
04/05/2011 20:52,
04/05/2011 21:22,
04/05/2011 21:52,
04/05/2011 22:22,
04/05/2011 22:52,
04/05/2011 23:22,
04/05/2011 23:52,
05/05/2011 00:22,
05/05/2011 00:52,
05/05/2011 01:22,
05/05/2011 01:52,
05/05/2011 02:22,
05/05/2011 02:52,
05/05/2011 03:22,
05/05/2011 03:52,
05/05/2011 04:22,
05/05/2011 04:52,
05/05/2011 05:22,
05/05/2011 05:52,
05/05/2011 06:22,
05/05/2011 06:52,
05/05/2011 07:22,
05/05/2011 07:52,
05/05/2011 08:22,
05/05/2011 08:52,
05/05/2011 09:22,
05/05/2011 09:52,
05/05/2011 10:22,
05/05/2011 10:52,
05/05/2011 11:22,
05/05/2011 11:52,
05/05/2011 12:22,
05/05/2011 12:52,
05/05/2011 13:22,
05/05/2011 13:52,
05/05/2011 14:22,
05/05/2011 14:52,
05/05/2011 15:22,
05/05/2011 15:52,
05/05/2011 16:22,
05/05/2011 16:52,
05/05/2011 17:22,
05/05/2011 17:52,
05/05/2011 18:22,
05/05/2011 18:52,
05/05/2011 19:22,
05/05/2011 19:52,
05/05/2011 20:22,
05/05/2011 20:52,
05/05/2011 21:22,
05/05/2011 21:52,
05/05/2011 22:22,
05/05/2011 22:52,
05/05/2011 23:22,
05/05/2011 23:52,
06/05/2011 00:22,
06/05/2011 00:52,
06/05/2011 01:22,
06/05/2011 01:52,
06/05/2011 02:22,
06/05/2011 02:52,
06/05/2011 03:22,
06/05/2011 03:52,
06/05/2011 04:22,
06/05/2011 04:52,
06/05/2011 05:22,
06/05/2011 05:52,
06/05/2011 06:22,
06/05/2011 06:52,
06/05/2011 07:22,
06/05/2011 07:52,
06/05/2011 08:22,
06/05/2011 08:52,
06/05/2011 09:22,
06/05/2011 09:52,
06/05/2011 10:22,
06/05/2011 10:52,
06/05/2011 11:22,
06/05/2011 11:52,
06/05/2011 12:22,
06/05/2011 12:52,
06/05/2011 13:22,
06/05/2011 13:52,
06/05/2011 14:22,313.035
06/05/2011 14:52,303.0864955
06/05/2011 15:22,302.0168483
06/05/2011 15:52,502.78344
06/05/2011 16:22,333.386099
06/05/2011 16:52,442.4137203
06/05/2011 17:22,303.9684451
06/05/2011 17:52,494.8617166
06/05/2011 18:22,312.2149984
06/05/2011 18:52,467.7668599
06/05/2011 19:22,321.2722546
06/05/2011 19:52,302.2050522
06/05/2011 20:22,840.6269642
06/05/2011 20:52,512.6201532
06/05/2011 21:22,555.8422865
06/05/2011 21:52,303.3062724
06/05/2011 22:22,468.9635968
06/05/2011 22:52,379.5255034
06/05/2011 23:22,320.3107827
06/05/2011 23:52,498.395769
07/05/2011 00:22,1102.925891
07/05/2011 00:52,1064.064084
07/05/2011 01:22,702.0473681
07/05/2011 01:52,1000.661888
07/05/2011 02:22,706.2848915
07/05/2011 02:52,394.3796181
07/05/2011 03:22,435.025131
07/05/2011 03:52,307.6508843
07/05/2011 04:22,519.0990879
07/05/2011 04:52,309.626133
07/05/2011 05:22,387.4930184
07/05/2011 05:52,436.1855212
07/05/2011 06:22,313.4520993
07/05/2011 06:52,514.5427792
07/05/2011 07:22,310.5206906
07/05/2011 07:52,388.5129683
07/05/2011 08:22,434.4074749
07/05/2011 08:52,310.4824099
07/05/2011 09:22,508.6313863
07/05/2011 09:52,309.7830776
07/05/2011 10:22,350.9241459
07/05/2011 10:52,469.2452228
07/05/2011 11:22,305.1842009
07/05/2011 11:52,411.5558367
07/05/2011 12:22,317.2485275
07/05/2011 12:52,864.5875797
07/05/2011 13:22,262.336144
07/05/2011 13:52,272.553669
07/05/2011 14:22,538.747066
07/05/2011 14:52,788.4029281
07/05/2011 15:22,3416.417058
07/05/2011 15:52,4726.930693
07/05/2011 16:22,56.8206278
07/05/2011 16:52,163.5800866
07/05/2011 17:22,64.3
07/05/2011 17:52,145.9760349
07/05/2011 18:22,73.26503341
07/05/2011 18:52,56.07174888
07/05/2011 19:22,166.2132035
07/05/2011 19:52,180.5733333
07/05/2011 20:22,200.855914
07/05/2011 20:52,228.4526316
07/05/2011 21:22,163.1160338
07/05/2011 21:52,231.9010526
07/05/2011 22:22,128.1221053
07/05/2011 22:52,186.1113445
07/05/2011 23:22,170.1410526
07/05/2011 23:52,127.9862869
08/05/2011 00:22,228.8526316
08/05/2011 00:52,153.9978992
08/05/2011 01:22,242.2168421
08/05/2011 01:52,452.1242105
08/05/2011 02:22,354.8227848
08/05/2011 02:52,137.6568421
08/05/2011 03:22,137.0610526
08/05/2011 03:52,249.5305263
08/05/2011 04:22,138.1536842
08/05/2011 04:52,198.9115789
08/05/2011 05:22,178.4357895
08/05/2011 05:52,138.9915789
08/05/2011 06:22,239.7058824
08/05/2011 06:52,139.128692
08/05/2011 07:22,201.5726316
08/05/2011 07:52,169.0210526
08/05/2011 08:22,138.4894515
08/05/2011 08:52,238.3915789
08/05/2011 09:22,139.1831579
08/05/2011 09:52,225.7172996
08/05/2011 10:22,138.5747368
08/05/2011 10:52,85.21710526
08/05/2011 11:22,581.1361702
08/05/2011 11:52,433.1368421
08/05/2011 12:22,502.8663158
08/05/2011 12:52,486.5690021
08/05/2011 13:22,516.7978947
08/05/2011 13:52,503.4621053
08/05/2011 14:22,566.2715517
08/05/2011 14:52,270.4128151
08/05/2011 15:22,400.7742616
08/05/2011 15:52,2294.561028
08/05/2011 16:22,1422.330128
08/05/2011 16:52,461.9025424
08/05/2011 17:22,57.98152425
08/05/2011 17:52,126.6717724
08/05/2011 18:22,106.6061947
08/05/2011 18:52,58.09865471
08/05/2011 19:22,171.1982759
08/05/2011 19:52,63.69282511
08/05/2011 20:22,388.3771368
08/05/2011 20:52,63.94183445
08/05/2011 21:22,154.0956522
08/05/2011 21:52,73.92650334
08/05/2011 22:22,599.1252796
08/05/2011 22:52,249.5521277
08/05/2011 23:22,283.5252101
08/05/2011 23:52,861.4829424
09/05/2011 00:22,2606.299786
09/05/2011 00:52,2640.272826
09/05/2011 01:22,614.4946581
09/05/2011 01:52,766.6721133
09/05/2011 02:22,380.1705263
09/05/2011 02:52,256.6652632
09/05/2011 03:22,162.9852632
09/05/2011 03:52,245.1313025
09/05/2011 04:22,163.2610526
09/05/2011 04:52,98.61894737
09/05/2011 05:22,193.8021053
09/05/2011 05:52,130.6378947
09/05/2011 06:22,148.6063158
09/05/2011 06:52,155.350211
09/05/2011 07:22,98.96638655
09/05/2011 07:52,127.4284211
09/05/2011 08:22,193.4631579
09/05/2011 08:52,98.22105263
09/05/2011 09:22,338.3824153
09/05/2011 09:52,377.1932059
09/05/2011 10:22,418.3231579
09/05/2011 10:52,375.3452632
09/05/2011 11:22,561.1970021
09/05/2011 11:52,425.4683544
09/05/2011 12:22,340.5997877
09/05/2011 12:52,101.8681319
09/05/2011 13:22,178.9827586
09/05/2011 13:52,57.04269663
09/05/2011 14:22,161.9762419
09/05/2011 14:52,56.76233184
09/05/2011 15:22,57.24887892
09/05/2011 15:52,173.2823276
09/05/2011 16:22,57.56278027
09/05/2011 16:52,136.3501094
09/05/2011 17:22,82.46
09/05/2011 17:52,56.91011236
09/05/2011 18:22,170.1339093
09/05/2011 18:52,57.01457399
09/05/2011 19:22,142.7576419
09/05/2011 19:52,76.44888889
09/05/2011 20:22,67.72991071
09/05/2011 20:52,155.9609544
09/05/2011 21:22,61.45045045
09/05/2011 21:52,112.3340708
09/05/2011 22:22,428.3926316
09/05/2011 22:52,403.5115789
09/05/2011 23:22,715.7730193
09/05/2011 23:52,499.1814346
10/05/2011 00:22,342.0625
10/05/2011 00:52,1528.7949
10/05/2011 01:22,716.7758621
10/05/2011 01:52,898.0529801
10/05/2011 02:22,340.2715789
10/05/2011 02:52,198.0821053
10/05/2011 03:22,238.3473684
10/05/2011 03:52,140.9578947
10/05/2011 04:22,274.3631579
10/05/2011 04:52,100.3705263
10/05/2011 05:22,163.4263158
10/05/2011 05:52,169.3894737
10/05/2011 06:22,101.4252632
10/05/2011 06:52,194.2063158
10/05/2011 07:22,140.9177215
10/05/2011 07:52,100.4442105
10/05/2011 08:22,211.7794118
10/05/2011 08:52,121.4252632
10/05/2011 09:22,117.2911392
10/05/2011 09:52,462.3175105
10/05/2011 10:22,367.6044304
10/05/2011 10:52,651.8492569
10/05/2011 11:22,719.7362869
10/05/2011 11:52,89.36504425
10/05/2011 12:22,57.01342282
10/05/2011 12:52,165.3095238
10/05/2011 13:22,188.8433476
10/05/2011 13:52,333.8966245
10/05/2011 14:22,152.4313725
10/05/2011 14:52,107.2285714
10/05/2011 15:22,56.83183857
10/05/2011 15:52,115.021978
10/05/2011 16:22,140.5185185
10/05/2011 16:52,56.13004484
10/05/2011 17:22,75.08463252
10/05/2011 17:52,176.4752688
10/05/2011 18:22,57.10514541
10/05/2011 18:52,56.93497758
10/05/2011 19:22,192.5149573
10/05/2011 19:52,56.86547085
10/05/2011 20:22,56.98878924
10/05/2011 20:52,177.2456897
10/05/2011 21:22,75.62138085
10/05/2011 21:52,56.82696629
10/05/2011 22:22,140.1356674
10/05/2011 22:52,116.2302632
10/05/2011 23:22,56.20852018
10/05/2011 23:52,96.35920177
11/05/2011 00:22,224.4589474
11/05/2011 00:52,127.5294118
11/05/2011 01:22,95.74683544
11/05/2011 01:52,232.8718487
11/05/2011 02:22,96.93052632
11/05/2011 02:52,96.10421053
11/05/2011 03:22,230.4231579
11/05/2011 03:52,96.66666667
11/05/2011 04:22,97.4
11/05/2011 04:52,191.5473684
11/05/2011 05:22,136.2805907
11/05/2011 05:52,97.91157895
11/05/2011 06:22,150.0505263
11/05/2011 06:52,321.6930894
11/05/2011 07:22,231.8662638
11/05/2011 07:52,271.7988184
11/05/2011 08:22,443.6686518
11/05/2011 08:52,228.9175956
11/05/2011 09:22,228.9043731
11/05/2011 09:52,487.0272649
11/05/2011 10:22,1655.681016
11/05/2011 10:52,615.6468418
11/05/2011 11:22,741.9899822
11/05/2011 11:52,928.7697079
11/05/2011 12:22,261.3066763
11/05/2011 12:52,283.4315874
11/05/2011 13:22,173.4411617
11/05/2011 13:52,582.4206772
11/05/2011 14:22,414.3287159
11/05/2011 14:52,486.048886
11/05/2011 15:22,172.7975574
11/05/2011 15:52,202.4914789
11/05/2011 16:22,366.7015512
11/05/2011 16:52,171.6044944
11/05/2011 17:22,371.6109962
11/05/2011 17:52,171.8102746
11/05/2011 18:22,273.6828581
11/05/2011 18:52,267.9559101
11/05/2011 19:22,173.1395485
11/05/2011 19:52,372.7202694
11/05/2011 20:22,172.831674
11/05/2011 20:52,314.6355342
11/05/2011 21:22,225.3353664
11/05/2011 21:52,171.896207
11/05/2011 22:22,370.2412199
11/05/2011 22:52,172.0378497
11/05/2011 23:22,342.0593675
11/05/2011 23:52,911.7424259
12/05/2011 00:22,610.7456453
12/05/2011 00:52,636.901407
12/05/2011 01:22,344.062095
12/05/2011 01:52,429.0263491
12/05/2011 02:22,226.4613953
12/05/2011 02:52,394.0645313
12/05/2011 03:22,259.4530561
12/05/2011 03:52,228.2650994
12/05/2011 04:22,430.6155246
12/05/2011 04:52,228.4608026
12/05/2011 05:22,379.8481082
12/05/2011 05:52,279.7919606
12/05/2011 06:22,229.4914111
12/05/2011 06:52,430.0610795
12/05/2011 07:22,229.0680159
12/05/2011 07:52,373.0622681
12/05/2011 08:22,282.4908216
12/05/2011 08:52,228.8394533
12/05/2011 09:22,424.7289181
12/05/2011 09:52,228.5718596
12/05/2011 10:22,691.9271423
12/05/2011 10:52,1317.19373
12/05/2011 11:22,945.2842423
12/05/2011 11:52,387.7358314
12/05/2011 12:22,153.2096517
12/05/2011 12:52,288.1995423
12/05/2011 13:22,210.1000776
12/05/2011 13:52,153.2824558
12/05/2011 14:22,339.7068147
12/05/2011 14:52,153.2902763
12/05/2011 15:22,345.5782272
12/05/2011 15:52,153.3453293
12/05/2011 16:22,188.4130679
12/05/2011 16:52,307.6839249
12/05/2011 17:22,152.7442319
12/05/2011 17:52,348.997349
12/05/2011 18:22,153.0045437
12/05/2011 18:52,249.5471153
12/05/2011 19:22,251.2723043
12/05/2011 19:52,154.0440689
12/05/2011 20:22,345.8079951
12/05/2011 20:52,154.7782991
12/05/2011 21:22,300.2476866
12/05/2011 21:52,
12/05/2011 22:22,
12/05/2011 22:52,
12/05/2011 23:22,
12/05/2011 23:52,413.6340676
13/05/2011 00:22,153.0023136
13/05/2011 00:52,224.6886782
13/05/2011 01:22,323.8246819
13/05/2011 01:52,520.7936705
13/05/2011 02:22,925.033411
13/05/2011 02:52,227.4919389
13/05/2011 03:22,360.6559332
13/05/2011 03:52,290.6355599
13/05/2011 04:22,228.5929247
13/05/2011 04:52,422.0320219
13/05/2011 05:22,230.0807912
13/05/2011 05:52,416.2005588
13/05/2011 06:22,231.955464
13/05/2011 06:52,272.9920991
13/05/2011 07:22,373.954076
13/05/2011 07:52,229.6726833
13/05/2011 08:22,686.5695769
13/05/2011 08:52,428.6793479
13/05/2011 09:22,242.5010526
13/05/2011 09:52,96.86134454
13/05/2011 10:22,127.2217484
13/05/2011 10:52,726.794926
13/05/2011 11:22,601.7224576
13/05/2011 11:52,168.4028078
13/05/2011 12:22,70.49776786
13/05/2011 12:52,56.98430493
13/05/2011 13:22,177.9430108
13/05/2011 13:52,56.85874439
13/05/2011 14:22,61.77181208
13/05/2011 14:52,177.8454936
13/05/2011 15:22,56.95964126
13/05/2011 15:52,96.95343681
13/05/2011 16:22,143.4630435
13/05/2011 16:52,57.41255605
13/05/2011 17:22,95.71681416
13/05/2011 17:52,149.6717391
13/05/2011 18:22,57.15883669
13/05/2011 18:52,91.09333333
13/05/2011 19:22,156.8963283
13/05/2011 19:52,57.39149888
13/05/2011 20:22,95.88913525
13/05/2011 20:52,151.9199134
13/05/2011 21:22,57.18609865
13/05/2011 21:52,85.37193764
13/05/2011 22:22,234.9778947
13/05/2011 22:52,299.8505263
13/05/2011 23:22,215.9284211
13/05/2011 23:52,314.5263158
14/05/2011 00:22,199.9578947
14/05/2011 00:52,207.1915789
14/05/2011 01:22,319.1831579
14/05/2011 01:52,833.3373362
14/05/2011 02:22,1266.909766
14/05/2011 02:52,2301.640086
14/05/2011 03:22,897.5599572
14/05/2011 03:52,188.5527426
14/05/2011 04:22,141.3621053
14/05/2011 04:52,98.33894737
14/05/2011 05:22,175.8231579
14/05/2011 05:52,146.8673684
14/05/2011 06:22,97.77684211
14/05/2011 06:52,158.5390295
14/05/2011 07:22,162.5936842
14/05/2011 07:52,98.13970588
14/05/2011 08:22,139.4610526
14/05/2011 08:52,179.9452632
14/05/2011 09:22,98.15157895
14/05/2011 09:52,140.9094737
14/05/2011 10:22,176.5684211
14/05/2011 10:52,92.21398305
14/05/2011 11:22,583.849359
14/05/2011 11:52,325.0189873
14/05/2011 12:22,638.2611465
14/05/2011 12:52,2096.349241
14/05/2011 13:22,1986.606593
14/05/2011 13:52,988.6884368
14/05/2011 14:22,343.8433476
14/05/2011 14:52,198.1027837
14/05/2011 15:22,57.00896861
14/05/2011 15:52,67.16143498
14/05/2011 16:22,464.230444
14/05/2011 16:52,184.1852632
14/05/2011 17:22,200.0295359
14/05/2011 17:52,78.65924276
14/05/2011 18:22,118.5837004
14/05/2011 18:52,114.9451754
14/05/2011 19:22,57.34977578
14/05/2011 19:52,274.6698514
14/05/2011 20:22,167.5882353
14/05/2011 20:52,165.7684211
14/05/2011 21:22,165.1705263
14/05/2011 21:52,320.6242105
14/05/2011 22:22,447.2076271
14/05/2011 22:52,685.2690678
14/05/2011 23:22,395.649789
14/05/2011 23:52,850.4046563
15/05/2011 00:22,2970.35
15/05/2011 00:52,2994.264957
15/05/2011 01:22,985.5899358
15/05/2011 01:52,498.9159483
15/05/2011 02:22,189.1536842
15/05/2011 02:52,274.6947368
15/05/2011 03:22,201.1473684
15/05/2011 03:52,351.7463158
15/05/2011 04:22,98.65894737
15/05/2011 04:52,241.657563
15/05/2011 05:22,99.13263158
15/05/2011 05:52,126.28
15/05/2011 06:22,192.5759494
15/05/2011 06:52,99.26155462
15/05/2011 07:22,98.97052632
15/05/2011 07:52,190.5421941
15/05/2011 08:22,142.6042105
15/05/2011 08:52,171.7284211
15/05/2011 09:22,123.6757895
15/05/2011 09:52,98.94526316
15/05/2011 10:22,180.3873684
15/05/2011 10:52,759.0724947
15/05/2011 11:22,226.5798319
15/05/2011 11:52,212.5473684
15/05/2011 12:22,263.2589474
15/05/2011 12:52,3113.337259
15/05/2011 13:22,685.4598309
15/05/2011 13:52,222.4168421
15/05/2011 14:22,179.1431579
15/05/2011 14:52,179.5705263
15/05/2011 15:22,311.8747368
15/05/2011 15:52,177.7932489
15/05/2011 16:22,438.5930233
15/05/2011 16:52,247.1554622
15/05/2011 17:22,346.9198312
15/05/2011 17:52,254.6821053
15/05/2011 18:22,157.7684211
15/05/2011 18:52,272.8610526
15/05/2011 19:22,148.9936842
15/05/2011 19:52,286.9495798
15/05/2011 20:22,122.1413502
15/05/2011 20:52,122.3273684
15/05/2011 21:22,140.0714286
15/05/2011 21:52,266.48
15/05/2011 22:22,520.6223629
15/05/2011 22:52,1474.761653
15/05/2011 23:22,576.0813953
15/05/2011 23:52,410.163482
16/05/2011 00:22,300.3571429
16/05/2011 00:52,149.6842105
16/05/2011 01:22,147.4526316
16/05/2011 01:52,421.3136842
16/05/2011 02:22,1042.080574
16/05/2011 02:52,645.9342672
16/05/2011 03:22,726.2225806
16/05/2011 03:52,821.6732026
16/05/2011 04:22,342.2563291
16/05/2011 04:52,235.0484211
16/05/2011 05:22,164.8326316
16/05/2011 05:52,184.4463158
16/05/2011 06:22,153.0084034
16/05/2011 06:52,113.871308
16/05/2011 07:22,115.0966387
16/05/2011 07:52,181.1263158
16/05/2011 08:22,205.7457983
16/05/2011 08:52,146.0949367
16/05/2011 09:22,179.0042105
16/05/2011 09:52,111.1610526
16/05/2011 10:22,110.7
16/05/2011 10:52,871.6954644
16/05/2011 11:22,603.2478632
16/05/2011 11:52,609.8792373
16/05/2011 12:22,372.5611814
16/05/2011 12:52,310.5136842
16/05/2011 13:22,228.5231579
16/05/2011 13:52,362.4322034
16/05/2011 14:22,1227.926004
16/05/2011 14:52,576.84
16/05/2011 15:22,175.3768421
16/05/2011 15:52,298.08
16/05/2011 16:22,200.9578059
16/05/2011 16:52,192.4219409
16/05/2011 17:22,172.6890756
16/05/2011 17:52,293.5263158
16/05/2011 18:22,150.12
16/05/2011 18:52,136.3172269
16/05/2011 19:22,146.6105263
16/05/2011 19:52,273.8357895
16/05/2011 20:22,132.1631579
16/05/2011 20:52,155.6442105
16/05/2011 21:22,951.0571121
16/05/2011 21:52,892.4360087
16/05/2011 22:22,1099.82321
16/05/2011 22:52,587.8426724
16/05/2011 23:22,1975.654334
16/05/2011 23:52,1067.95629
17/05/2011 00:22,364.3449367
17/05/2011 00:52,145.0378947
17/05/2011 01:22,224.5221053
17/05/2011 01:52,187.2621053
17/05/2011 02:22,363.0995763
17/05/2011 02:52,178.3357895
17/05/2011 03:22,98.17052632
17/05/2011 03:52,176.6031579
17/05/2011 04:22,115.7157895
17/05/2011 04:52,161.9494737
17/05/2011 05:22,168.9831579
17/05/2011 05:52,98.13684211
17/05/2011 06:22,166.9242105
17/05/2011 06:52,114.8610526
17/05/2011 07:22,150.5726316
17/05/2011 07:52,168.3168421
17/05/2011 08:22,101.5410526
17/05/2011 08:52,165.2715789
17/05/2011 09:22,98.40631579
17/05/2011 09:52,165.5010526
17/05/2011 10:22,121.0642105
17/05/2011 10:52,849.2939914
17/05/2011 11:22,868.3468951
17/05/2011 11:52,226.3312236
17/05/2011 12:22,231.0768421
17/05/2011 12:52,161.5452632
17/05/2011 13:22,225.5368421
17/05/2011 13:52,160.7953586
17/05/2011 14:22,225.1389474
17/05/2011 14:52,211.0535714
17/05/2011 15:22,230.52
17/05/2011 15:52,230.4378947
17/05/2011 16:22,160.6357895
17/05/2011 16:52,226.8757895
17/05/2011 17:22,194.4115789
17/05/2011 17:52,218.4168421
17/05/2011 18:22,468.4347368
17/05/2011 18:52,296.8773784
17/05/2011 19:22,229.1894737
17/05/2011 19:52,163.3860759
17/05/2011 20:22,237.2505263
17/05/2011 20:52,174.8610526
17/05/2011 21:22,271.3263158
17/05/2011 21:52,271.0652632
17/05/2011 22:22,343.6772152
17/05/2011 22:52,366.5305907
17/05/2011 23:22,330.7584388
17/05/2011 23:52,1501.450422
18/05/2011 00:22,694.667019
18/05/2011 00:52,447.8178947
18/05/2011 01:22,468.0806794
18/05/2011 01:52,346.2031579
18/05/2011 02:22,370.7178947
18/05/2011 02:52,368.3621053
18/05/2011 03:22,179.8126316
18/05/2011 03:52,252.0336842
18/05/2011 04:22,186.7284211
18/05/2011 04:52,266.5526316
18/05/2011 05:22,205.8084211
18/05/2011 05:52,284.4715789
18/05/2011 06:22,205.8736842
18/05/2011 06:52,526.6571125
18/05/2011 07:22,520.2809829
18/05/2011 07:52,802.2190889
18/05/2011 08:22,433.3452632
18/05/2011 08:52,145.1455696
18/05/2011 09:22,130.7242105
18/05/2011 09:52,105.1115789
18/05/2011 10:22,730.3159574
18/05/2011 10:52,465.161987
18/05/2011 11:22,583.4209402
18/05/2011 11:52,290.6835443
18/05/2011 12:22,85.60840708
18/05/2011 12:52,102.8318584
18/05/2011 13:22,90.99556541
18/05/2011 13:52,129.0678337
18/05/2011 14:22,55.80269058
18/05/2011 14:52,119.6153846
18/05/2011 15:22,73.13363029
18/05/2011 15:52,236.4891775
18/05/2011 16:22,55.71460674
18/05/2011 16:52,138.4485777
18/05/2011 17:22,58
18/05/2011 17:52,134.7155361
18/05/2011 18:22,57.29082774
18/05/2011 18:52,132.6980306
18/05/2011 19:22,55.65246637
18/05/2011 19:52,135.7227074
18/05/2011 20:22,55.62837838
18/05/2011 20:52,132.8377193
18/05/2011 21:22,55.53587444
18/05/2011 21:52,213.8991416
18/05/2011 22:22,191.8524946
18/05/2011 22:52,134.0545852
18/05/2011 23:22,85.68211921
18/05/2011 23:52,317.7552743
19/05/2011 00:22,472.1205074
19/05/2011 00:52,258.2357895
19/05/2011 01:22,227.5073684
19/05/2011 01:52,311.6905263
19/05/2011 02:22,419.7838983
19/05/2011 02:52,188.4578947
19/05/2011 03:22,201.1726316
19/05/2011 03:52,141.9178947
19/05/2011 04:22,188.8147368
19/05/2011 04:52,201.5684211
19/05/2011 05:22,128.1221053
19/05/2011 05:52,201.7452632
19/05/2011 06:22,128.5263158
19/05/2011 06:52,200.7705263
19/05/2011 07:22,170.6947368
19/05/2011 07:52,158.5389474
19/05/2011 08:22,199.9410526
19/05/2011 08:52,128.1789474
19/05/2011 09:22,199.3936842
19/05/2011 09:52,135.2589474
19/05/2011 10:22,197.1642105
19/05/2011 10:52,127.1368421
19/05/2011 11:22,545.6199575
19/05/2011 11:52,177.1936842
19/05/2011 12:22,458.2076271
19/05/2011 12:52,245.9094737
19/05/2011 13:22,293.5852632
19/05/2011 13:52,223.3557895
19/05/2011 14:22,254.5010526
19/05/2011 14:52,172.1515789
19/05/2011 15:22,460.1645299
19/05/2011 15:52,55.83632287
19/05/2011 16:22,133.1703057
19/05/2011 16:52,72.31026786
19/05/2011 17:22,117.4265351
19/05/2011 17:52,113.8655098
19/05/2011 18:22,88.31157895
19/05/2011 18:52,187.4684874
19/05/2011 19:22,132.1431579
19/05/2011 19:52,451.7431579
19/05/2011 20:22,303.8884211
19/05/2011 20:52,313.5052632
19/05/2011 21:22,179.9642105
19/05/2011 21:52,269.1281513
19/05/2011 22:22,382.1705263
19/05/2011 22:52,344.6652632
19/05/2011 23:22,242.4105263
19/05/2011 23:52,245.1476793
20/05/2011 00:22,249.3515789
20/05/2011 00:52,237.8676471
20/05/2011 01:22,228.3044397
20/05/2011 01:52,204.4021053
20/05/2011 02:22,208.0631579
20/05/2011 02:52,204.6793249
20/05/2011 03:22,213.3707983
20/05/2011 03:52,196.7151899
20/05/2011 04:22,222.0420168
20/05/2011 04:52,137.0801688
20/05/2011 05:22,167.2336842
20/05/2011 05:52,115.512605
20/05/2011 06:22,172.8715789
20/05/2011 06:52,105.7494737
20/05/2011 07:22,179.3389474
20/05/2011 07:52,97.76210526
20/05/2011 08:22,178.8248945
20/05/2011 08:52,97.54736842
20/05/2011 09:22,177.6484211
20/05/2011 09:52,96.97052632
20/05/2011 10:22,190.1389474
20/05/2011 10:52,130.0575693
20/05/2011 11:22,633.4102564
20/05/2011 11:52,232.7810526
20/05/2011 12:22,600.6815287
20/05/2011 12:52,122.2147368
20/05/2011 13:22,207.2857143
20/05/2011 13:52,119.4442105
20/05/2011 14:22,320.6863158
20/05/2011 14:52,311.978903
20/05/2011 15:22,695.9081197
20/05/2011 15:52,2137.911957
20/05/2011 16:22,388.5515789
20/05/2011 16:52,300.6568421
20/05/2011 17:22,395.8547368
20/05/2011 17:52,301.4578947
20/05/2011 18:22,386.4505263
20/05/2011 18:52,301.1244726
20/05/2011 19:22,337.1621053
20/05/2011 19:52,192.6631579
20/05/2011 20:22,203.6084211
20/05/2011 20:52,119.8273684
20/05/2011 21:22,164.0042105
20/05/2011 21:52,192.7452632
20/05/2011 22:22,173.1842105
20/05/2011 22:52,345.447479
20/05/2011 23:22,193.3115789
20/05/2011 23:52,389.1666667
21/05/2011 00:22,719.037961
21/05/2011 00:52,787.4123377
21/05/2011 01:22,185.6715789
21/05/2011 01:52,198.25
21/05/2011 02:22,286.0420168
21/05/2011 02:52,202.3157895
21/05/2011 03:22,322.5663158
21/05/2011 03:52,228.4084211
21/05/2011 04:22,359.8463158
21/05/2011 04:52,180.4113924
21/05/2011 05:22,147.3294737
21/05/2011 05:52,149.3508403
21/05/2011 06:22,95.4778481
21/05/2011 06:52,194.0168067
21/05/2011 07:22,95.5
21/05/2011 07:52,191.8210526
21/05/2011 08:22,95.70947368
21/05/2011 08:52,185.3515789
21/05/2011 09:22,308.5768421
21/05/2011 09:52,284.4084211
21/05/2011 10:22,118.3628692
21/05/2011 10:52,309.893617
21/05/2011 11:22,624.038055
21/05/2011 11:52,193.0738397
21/05/2011 12:22,335.5611814
21/05/2011 12:52,230.8968421
21/05/2011 13:22,255.9557895
21/05/2011 13:52,193.9263158
21/05/2011 14:22,203.8947368
21/05/2011 14:52,351.7915789
21/05/2011 15:22,344.1031579
21/05/2011 15:52,332.7004219
21/05/2011 16:22,269.1932773
21/05/2011 16:52,224.2589474
21/05/2011 17:22,161.4788136
21/05/2011 17:52,235.4294737
21/05/2011 18:22,91.69181034
21/05/2011 18:52,163.8354978
21/05/2011 19:22,94.24276169
21/05/2011 19:52,180.5991379
21/05/2011 20:22,57.98654709
21/05/2011 20:52,171.5969828
21/05/2011 21:22,64.34675615
21/05/2011 21:52,251.2989474
21/05/2011 22:22,236.2794118
21/05/2011 22:52,261.6084211
21/05/2011 23:22,336.56
21/05/2011 23:52,388.3206751
22/05/2011 00:22,220.7810526
22/05/2011 00:52,254.8242105
22/05/2011 01:22,231.4831579
22/05/2011 01:52,231.5263158
22/05/2011 02:22,282.4147368
22/05/2011 02:52,273.4884211
22/05/2011 03:22,214.4631579
22/05/2011 03:52,280.4029536
22/05/2011 04:22,212.8042105
22/05/2011 04:52,105.1873638
22/05/2011 05:22,168.3284211
22/05/2011 05:52,168.7305263
22/05/2011 06:22,130.56
22/05/2011 06:52,138.1221053
22/05/2011 07:22,162.88
22/05/2011 07:52,146.3526316
22/05/2011 08:22,114.7284211
22/05/2011 08:52,161.5843882
22/05/2011 09:22,160.8968421
22/05/2011 09:52,225.1910828
22/05/2011 10:22,832.3526201
22/05/2011 10:52,250.6315789
22/05/2011 11:22,329.3810526
22/05/2011 11:52,1273.994505
22/05/2011 12:22,2055.203463
22/05/2011 12:52,2623.924788
22/05/2011 13:22,257.758547
22/05/2011 13:52,275.1029724
22/05/2011 14:22,364.6652632
22/05/2011 14:52,739.3789809
22/05/2011 15:22,342.7578947
22/05/2011 15:52,286.3813559
22/05/2011 16:22,663.7538126
22/05/2011 16:52,225.6082803
22/05/2011 17:22,165.4084211
22/05/2011 17:52,396.2357895
22/05/2011 18:22,2268.34428
22/05/2011 18:52,2093.611229
22/05/2011 19:22,146.4989474
22/05/2011 19:52,5101.349904
22/05/2011 20:22,6606.200311
22/05/2011 20:52,921.3976934
22/05/2011 21:22,1931.137818
22/05/2011 21:52,7433.876193
22/05/2011 22:22,4754.636444
22/05/2011 22:52,1687.961231
22/05/2011 23:22,775.695064
22/05/2011 23:52,2725.205163
23/05/2011 00:22,1375.950557
23/05/2011 00:52,1722.814207
23/05/2011 01:22,906.1386941
23/05/2011 01:52,558.2341763
23/05/2011 02:22,822.2144305
23/05/2011 02:52,816.2132743
23/05/2011 03:22,816.2363497
23/05/2011 03:52,612.8872099
23/05/2011 04:22,364.8434205
23/05/2011 04:52,232.6158261
23/05/2011 05:22,233.3088047
23/05/2011 05:52,232.8285222
23/05/2011 06:22,233.7083193
23/05/2011 06:52,334.2368404
23/05/2011 07:22,478.9566792
23/05/2011 07:52,233.0446693
23/05/2011 08:22,426.9898906
23/05/2011 08:52,289.553445
23/05/2011 09:22,232.7988412
23/05/2011 09:52,466.369745
23/05/2011 10:22,232.4739854
23/05/2011 10:52,1740.295614
23/05/2011 11:22,1281.755692
23/05/2011 11:52,695.0486523
23/05/2011 12:22,554.3900152
23/05/2011 12:52,557.0045782
23/05/2011 13:22,872.26
23/05/2011 13:52,
23/05/2011 14:22,377.6459635
23/05/2011 14:52,489.3017892
23/05/2011 15:22,481.7287635
23/05/2011 15:52,363.2593216
23/05/2011 16:22,696.8943365
23/05/2011 16:52,304.3611619
23/05/2011 17:22,586.3116717
23/05/2011 17:52,550.7070632
23/05/2011 18:22,425.8278778
23/05/2011 18:52,631.5147567
23/05/2011 19:22,442.2498026
23/05/2011 19:52,496.6447398
23/05/2011 20:22,749.4273737
23/05/2011 20:52,538.8755061
23/05/2011 21:22,738.5270465
23/05/2011 21:52,1237.599601
23/05/2011 22:22,6636.65572
23/05/2011 22:52,5236.587909
23/05/2011 23:22,1263.42738
23/05/2011 23:52,808.0857436
24/05/2011 00:22,725.9095943
24/05/2011 00:52,826.4417283
24/05/2011 01:22,524.9068225
24/05/2011 01:52,697.4808099
24/05/2011 02:22,837.4062785
24/05/2011 02:52,2494.430247
24/05/2011 03:22,1346.783867
24/05/2011 03:52,1261.191753
24/05/2011 04:22,712.2294414
24/05/2011 04:52,305.8041432
24/05/2011 05:22,233.4493787
24/05/2011 05:52,368.1770833
24/05/2011 06:22,370.7921886
24/05/2011 06:52,233.5410748
24/05/2011 07:22,335.4714868
24/05/2011 07:52,396.9658468
24/05/2011 08:22,234.1917906
24/05/2011 08:52,286.969198
24/05/2011 09:22,445.1961878
24/05/2011 09:52,231.6139608
24/05/2011 10:22,275.3862345
24/05/2011 10:52,2266.565665
24/05/2011 11:22,1281.002009
24/05/2011 11:52,1328.979239
24/05/2011 12:22,954.2224728
24/05/2011 12:52,176.2664986
24/05/2011 13:22,369.9682452
24/05/2011 13:52,152.3716087
24/05/2011 14:22,359.4544061
24/05/2011 14:52,174.3319135
24/05/2011 15:22,159.2032987
24/05/2011 15:52,377.7138431
24/05/2011 16:22,153.1356223
24/05/2011 16:52,322.9649046
24/05/2011 17:22,217.1073271
24/05/2011 17:52,151.3181538
24/05/2011 18:22,366.7718854
24/05/2011 18:52,
24/05/2011 19:22,
24/05/2011 19:52,516.8078758
